Created:,2026-03-20 23:05:07,host_key,name,Last Accessed ->,2026-03-20 23:05:07
13418521507010128,2026-03-20 23:05:59,accounts.google.com,OTZ,,2026-03-20 23:05:59
13418521559114349,2026-03-20 23:07:07,ogs.google.com,OTZ,,2026-03-20 23:07:07
13418521626566937,2026-03-20 23:07:07,myaccount.google.com,OTZ,,2026-03-20 23:07:07
13418521626562521,2026-03-20 23:08:57,www.google.com,OTZ,,2026-03-20 23:08:57
13418521736867506,2026-03-20 23:09:01,accounts.google.com,ACCOUNT_CHOOSER,,2026-03-20 23:09:01
13418521741018952,2026-03-20 23:09:01,.youtube.com,APISID,,2026-03-20 23:09:01
13418521741018330,2026-03-20 23:09:01,.youtube.com,HSID,,2026-03-20 23:09:01
13418521740667667,2026-03-20 23:08:57,myaccount.google.com,OSID,,2026-03-20 23:08:57
13418521737444290,2026-03-20 23:09:01,gds.google.com,OTZ,,2026-03-20 23:09:01
13418521741019064,2026-03-20 23:09:01,.youtube.com,SAPISID,,2026-03-20 23:09:01
13418521741019491,2026-03-20 23:09:01,.youtube.com,SID,,2026-03-20 23:09:01
13418521741018496,2026-03-20 23:08:57,.youtube.com,SSID,,2026-03-20 23:08:57
13418521736867596,2026-03-20 23:09:01,accounts.google.com,__Host-GAPS,,2026-03-20 23:09:01
13418521741019255,2026-03-20 23:09:01,.youtube.com,__Secure-1PAPISID,,2026-03-20 23:09:01
13418521741019788,2026-03-20 23:09:01,.youtube.com,__Secure-1PSID,,2026-03-20 23:09:01
13418521741017641,2026-03-20 23:09:01,.youtube.com,__Secure-1PSIDTS,,2026-03-20 23:09:01
13418521741019325,2026-03-20 23:09:01,.youtube.com,__Secure-3PAPISID,,2026-03-20 23:09:01
13418521741019889,2026-03-20 23:09:01,.youtube.com,__Secure-3PSID,,2026-03-20 23:09:01
13418521741018223,2026-03-20 23:09:01,.youtube.com,__Secure-3PSIDTS,,2026-03-20 23:09:01
13418521740667935,2026-03-20 23:17:03,myaccount.google.com,__Secure-OSID,,2026-03-20 23:17:03
13418522223226204,2026-03-20 23:19:57,mail.google.com,COMPASS,,2026-03-20 23:19:57
13418522397070891,2026-03-20 23:20:02,.google.com,AEC,,2026-03-20 23:20:02
13418522402316694,2026-03-20 23:20:01,.microsoft.com,MC1,,2026-03-20 23:20:01
13418522400514101,2026-03-20 23:20:00,.visualstudio.com,MSCC,,2026-03-20 23:20:00
13418522399567199,2026-03-20 23:20:01,code.visualstudio.com,MSFPC,,2026-03-20 23:20:01
13418522400523717,2026-03-20 23:19:59,code.visualstudio.com,MicrosoftApplicationsTelemetryDeviceId,,2026-03-20 23:19:59
13418522399035438,2026-03-20 23:19:57,.google.com,SNID,,2026-03-20 23:19:57
13418522397071185,2026-03-20 23:20:03,.google.com,__Secure-BUCKET,,2026-03-20 23:20:03
13418522403442154,2026-03-20 23:20:29,code.visualstudio.com,ai_session,,2026-03-20 23:20:29
13418522428586948,2026-03-20 23:20:29,.linkedin.com,AnalyticsSyncHistory,,2026-03-20 23:20:29
13418522428723413,2026-03-20 23:20:17,.doubleclick.net,IDE,,2026-03-20 23:20:17
13418522417229018,2026-03-20 23:20:17,.youtube.com,LOGIN_INFO,,2026-03-20 23:20:17
13418522416547451,2026-03-20 23:20:29,play.google.com,OSID,,2026-03-20 23:20:29
13418522428586895,2026-03-20 23:20:17,.linkedin.com,UserMatchHistory,,2026-03-20 23:20:17
13418522416547592,2026-03-20 23:20:29,play.google.com,__Secure-OSID,,2026-03-20 23:20:29
13418522428571012,2026-03-20 23:20:28,.slack.com,_cs_c,,2026-03-20 23:20:28
13418522428267370,2026-03-20 23:20:18,.slack.com,_lc2_fpi,,2026-03-20 23:20:18
13418522417696291,2026-03-20 23:20:29,.slack.com,b,,2026-03-20 23:20:29
13418522428849407,2026-03-20 23:20:28,.www.linkedin.com,bscookie,,2026-03-20 23:20:28
13418522428382735,2026-03-20 23:20:22,.linkedin.com,lidc,,2026-03-20 23:20:22
13418522422126563,2026-03-20 23:20:18,.youtube.com,__Secure-ROLLOUT_TOKEN,,2026-03-20 23:20:18
13418522417667651,2026-03-20 23:20:19,.youtube.com,__Secure-YNID,,2026-03-20 23:20:19
13418522418894600,2026-03-20 23:20:19,.youtube.com,VISITOR_INFO1_LIVE,,2026-03-20 23:20:19
13418522418894640,2026-03-20 23:20:27,.youtube.com,VISITOR_PRIVACY_METADATA,,2026-03-20 23:20:27
13418522427082152,2026-03-20 23:20:32,.youtube.com,__Secure-ROLLOUT_TOKEN,,2026-03-20 23:20:32
13418522432200875,2026-03-20 23:20:30,.force.com,BrowserId,,2026-03-20 23:20:30
13418522429819090,2026-03-20 23:20:40,.casalemedia.com,CMPS,,2026-03-20 23:20:40
13418522439914662,2026-03-20 23:20:30,.slack.com,OptanonConsent,,2026-03-20 23:20:30
13418522429773578,2026-03-20 23:20:29,slack.com,__pdst,,2026-03-20 23:20:29
13418522429276085,2026-03-20 23:20:40,.crwdcntrl.net,_cc_dc,,2026-03-20 23:20:40
13418522440141654,2026-03-20 23:20:40,.slack.com,_cs_id,,2026-03-20 23:20:40
13418522440144780,2026-03-20 23:20:28,.csxd.contentsquare.net,_cs_id___5540,,2026-03-20 23:20:28
13418522428145344,2026-03-20 23:20:35,.slack.com,_ga,,2026-03-20 23:20:35
13418522435484194,2026-03-20 23:20:29,.slack.com,_li_ss,,2026-03-20 23:20:29
13418522429277547,2026-03-20 23:20:40,i6.liadm.com,_li_ss,,2026-03-20 23:20:40
13418522440149284,2026-03-20 23:20:38,.slack.com,_rdt_uuid,,2026-03-20 23:20:38
13418522437932092,2026-03-20 23:20:28,.bidswitch.net,c,,2026-03-20 23:20:28
13418522428228001,2026-03-20 23:20:28,.slack.com,cjConsent,,2026-03-20 23:20:28
13418522428229408,2026-03-20 23:20:42,.slack.com,cjUser,,2026-03-20 23:20:42
13418522441536449,2026-03-20 23:20:30,pi.pardot.com,lpv755253,,2026-03-20 23:20:30
13418522429544994,2026-03-20 23:20:38,live.rezync.com,sd-session-id,,2026-03-20 23:20:38
13418522437931998,2026-03-20 23:20:38,.bidswitch.net,tuuid,,2026-03-20 23:20:38
13418522437932135,2026-03-20 23:20:30,.bidswitch.net,tuuid_lu,,2026-03-20 23:20:30
13418522429913841,2026-03-20 23:20:30,.tremorhub.com,tv_UIDM,,2026-03-20 23:20:30
13418522429913758,2026-03-20 23:20:29,.tremorhub.com,tvid,,2026-03-20 23:20:29
13418522429195770,2026-03-20 23:20:18,.criteo.com,uid,,2026-03-20 23:20:18
13418522417696247,2026-03-20 23:20:32,.slack.com,utm,,2026-03-20 23:20:32
13418522431644882,2026-03-20 23:20:32,.pardot.com,visitor_id755253,,2026-03-20 23:20:32
13418522432342239,2026-03-20 23:20:32,campaign.slackhq.com,visitor_id755253,,2026-03-20 23:20:32
13418522431646738,2026-03-20 23:20:32,slack.com,visitor_id755253,,2026-03-20 23:20:32
13418522431645004,2026-03-20 23:20:32,.pardot.com,visitor_id755253-hash,,2026-03-20 23:20:32
13418522432342268,2026-03-20 23:20:32,campaign.slackhq.com,visitor_id755253-hash,,2026-03-20 23:20:32
13418522431646902,2026-03-20 23:20:18,slack.com,visitor_id755253-hash,,2026-03-20 23:20:18
13418522417696302,2026-03-20 23:20:29,.slack.com,x,,2026-03-20 23:20:29
13418522429139328,2026-03-20 23:20:30,.rezync.com,zync-uuid,,2026-03-20 23:20:30
13418522429913005,2026-03-20 23:20:29,.rubiconproject.com,audit_p,,2026-03-20 23:20:29
13418522429195700,2026-03-20 23:20:30,.criteo.com,cto_bundle,,2026-03-20 23:20:30
13418522429913158,2026-03-20 23:20:30,.rubiconproject.com,khaos_p,,2026-03-20 23:20:30
13418522429913209,2026-03-20 23:20:53,.rubiconproject.com,receive-cookie-deprecation,,2026-03-20 23:20:53
13418522453442752,2026-03-20 23:20:57,.zoom.us,AMP_MKTG_0753e77572,,2026-03-20 23:20:57
13418522456584883,2026-03-20 23:20:52,.zoom.us,IR_PI,,2026-03-20 23:20:52
13418522451532922,2026-03-20 23:20:52,.zoom.us,OnetrustActiveGroups,,2026-03-20 23:20:52
13418522451577391,2026-03-20 23:20:52,.zoom.us,OptanonAlertBoxClosed,,2026-03-20 23:20:52
13418522451595181,2026-03-20 23:20:48,.zoom.us,OptanonConsent,,2026-03-20 23:20:48
13418522448026269,2026-03-20 23:20:48,.zoom.us,__cf_bm,,2026-03-20 23:20:48
13418522448026132,2026-03-20 23:20:48,.zoom.us,_zm_chtaid,,2026-03-20 23:20:48
13418522448026051,2026-03-20 23:20:48,.zoom.us,_zm_ctaid,,2026-03-20 23:20:48
13418522448026244,2026-03-20 23:20:48,.zoom.us,_zm_currency,,2026-03-20 23:20:48
13418522448026173,2026-03-20 23:20:52,.zoom.us,_zm_mtk_guid,,2026-03-20 23:20:52
13418522451854498,2026-03-20 23:20:48,.zoom.us,_zm_tracking_guid,,2026-03-20 23:20:48
13418522448026255,2026-03-20 23:20:58,.zoom.us,_zm_visitor_guid,,2026-03-20 23:20:58
13418522458489954,2026-03-20 23:20:57,.ojrq.net,brwsr,,2026-03-20 23:20:57
13418522456583300,2026-03-20 23:20:50,.sjv.io,brwsr,,2026-03-20 23:20:50
13418522449764703,2026-03-20 23:20:57,a20673560014.cdn.optimizely.com,https://zoom.us_063840a5ce6849018a764dbbc1de3f0c$$20917322331$$session_state,,2026-03-20 23:20:57
13418522456583418,2026-03-20 23:20:57,zoom.sjv.io,irld,,2026-03-20 23:20:57
13418522456583562,2026-03-20 23:20:52,.sjv.io,irtps,,2026-03-20 23:20:52
13418522451978104,2026-03-20 23:20:52,zoom.us,is,,2026-03-20 23:20:52
13418522451978479,2026-03-20 23:20:52,zoom.us,iv,,2026-03-20 23:20:52
13418522451589991,2026-03-20 23:21:06,.zoom.us,optimizelySession,,2026-03-20 23:21:06
13418522465785335,2026-03-20 23:21:04,.cdn.zoom.us,__cf_bm,,2026-03-20 23:21:04
13418522463761390,2026-03-20 23:21:03,.us.telemetry.zoom.us,__cf_bm,,2026-03-20 23:21:03
13418522462845346,2026-03-20 23:21:03,.zoom.us,__utmzz,,2026-03-20 23:21:03
13418522462935865,2026-03-20 23:20:50,zoom.us,_sp_id.34c0,,2026-03-20 23:20:50
13418522449828350,2026-03-20 23:20:50,zoom.us,_sp_ses.34c0,,2026-03-20 23:20:50
13418522449624449,2026-03-20 23:21:04,.zoom.us,_zm_lang,,2026-03-20 23:21:04
13418522463761232,2026-03-20 23:21:41,us.telemetry.zoom.us,sp,,2026-03-20 23:21:41
13418522501289106,2026-03-20 23:20:28,.slack.com,_fbp,,2026-03-20 23:20:28
13418522427764073,2026-03-20 23:20:28,.slack.com,_gcl_au,,2026-03-20 23:20:28
13418522428382625,2026-03-20 23:20:28,.linkedin.com,bcookie,,2026-03-20 23:20:28
13418522428382570,2026-03-20 23:25:29,.linkedin.com,li_sugr,,2026-03-20 23:25:29
13418522729483059,2026-03-20 23:25:30,.zoom.us,AMP_0753e77572,,2026-03-20 23:25:30
13418522729587735,2026-03-20 23:25:30,.slack.com,_cs_s,,2026-03-20 23:25:30
13418522729608055,2026-03-20 23:25:29,.csxd.contentsquare.net,_cs_s___5540,,2026-03-20 23:25:29
13418522729497709,2026-03-20 23:25:29,.zoom.us,_ga,,2026-03-20 23:25:29
13418522729497459,2026-03-20 23:25:32,.zoom.us,_ga_L8TBF28DDX,,2026-03-20 23:25:32
13418522731610226,2026-03-20 23:27:41,.slack.com,_ga_QTJQME5M5D,,2026-03-20 23:27:41
13418522861022163,2026-03-20 23:27:41,.github.com,_octo,,2026-03-20 23:27:41
13418522861022183,2026-03-20 23:28:26,.github.com,logged_in,,2026-03-20 23:28:26
13418522906080450,2026-03-20 23:28:26,.adform.net,C,,2026-03-20 23:28:26
13418522906216387,2026-03-20 23:28:26,.pubmatic.com,KRTBCOOKIE_148,,2026-03-20 23:28:26
13418522906180766,2026-03-20 23:28:26,.pubmatic.com,KRTBCOOKIE_377,,2026-03-20 23:28:26
13418522906180242,2026-03-20 23:28:26,.pubmatic.com,KRTBCOOKIE_452,,2026-03-20 23:28:26
13418522906220661,2026-03-20 23:28:25,.pubmatic.com,KRTBCOOKIE_80,,2026-03-20 23:28:25
13418522904941172,2026-03-20 23:28:23,.stackoverflow.com,OptanonAlertBoxClosed,,2026-03-20 23:28:23
13418522903340267,2026-03-20 23:28:21,cdn.sstatic.net,__cflb,,2026-03-20 23:28:21
13418522900772117,2026-03-20 23:28:23,stackoverflow.com,__cflb,,2026-03-20 23:28:23
13418522902785936,2026-03-20 23:28:23,.crwdcntrl.net,_cc_aud,,2026-03-20 23:28:23
13418522902785901,2026-03-20 23:20:29,.crwdcntrl.net,_cc_cc,,2026-03-20 23:20:29
13418522429276211,2026-03-20 23:28:23,.crwdcntrl.net,_cc_id,,2026-03-20 23:28:23
13418522902789065,2026-03-20 23:28:23,.stackoverflow.com,_cc_id,,2026-03-20 23:28:23
13418522902509585,2026-03-20 23:28:23,.stackoverflow.com,_lc2_fpi,,2026-03-20 23:28:23
13418522902509677,2026-03-20 23:28:23,.stackoverflow.com,_lc2_fpi_meta,,2026-03-20 23:28:23
13418522902513591,2026-03-20 23:28:23,.stackoverflow.com,_sharedID,,2026-03-20 23:28:23
13418522902513942,2026-03-20 23:28:26,.stackoverflow.com,_sharedID_cst,,2026-03-20 23:28:26
13418522906296592,2026-03-20 23:28:26,.onaudience.com,cookie,,2026-03-20 23:28:26
13418522906364861,2026-03-20 23:28:26,.pippio.com,did,,2026-03-20 23:28:26
13418522906364970,2026-03-20 23:28:40,.pippio.com,didts,,2026-03-20 23:28:40
13418522920492892,2026-03-20 23:28:26,.onaudience.com,done_redirects271,,2026-03-20 23:28:26
13418522906296635,2026-03-20 23:28:26,.onaudience.com,done_redirects297,,2026-03-20 23:28:26
13418522905767990,2026-03-20 23:28:26,.stackoverflow.com,geuid,,2026-03-20 23:28:26
13418522906365031,2026-03-20 23:28:23,.pippio.com,nnls,,2026-03-20 23:28:23
13418522902789157,2026-03-20 23:28:23,.stackoverflow.com,panoramaId,,2026-03-20 23:28:23
13418522902788951,2026-03-20 23:28:23,.stackoverflow.com,panoramaId_expiry,,2026-03-20 23:28:23
13418522902716076,2026-03-20 23:28:23,stackoverflow.com,pbjs-unifiedid,,2026-03-20 23:28:23
13418522902716300,2026-03-20 23:28:26,stackoverflow.com,pbjs-unifiedid_cst,,2026-03-20 23:28:26
13418522906365057,2026-03-20 23:28:26,.pippio.com,pxrc,,2026-03-20 23:28:26
13418522906110639,2026-03-20 23:28:24,.simpli.fi,suid,,2026-03-20 23:28:24
13418522903602156,2026-03-20 23:28:24,.dotomi.com,receive-cookie-deprecation,,2026-03-20 23:28:24
13418522903645439,2026-03-20 23:28:42,krk2.kargo.com,receive-cookie-deprecation,,2026-03-20 23:28:42
13418522922029635,2026-03-20 23:28:41,.pubmatic.com,KRTBCOOKIE_188,,2026-03-20 23:28:41
13418522921294002,2026-03-20 23:28:44,.pubmatic.com,KRTBCOOKIE_279,,2026-03-20 23:28:44
13418522923996592,2026-03-20 23:28:41,.pubmatic.com,KRTBCOOKIE_466,,2026-03-20 23:28:41
13418522921276840,2026-03-20 23:28:41,.pubmatic.com,KRTBCOOKIE_860,,2026-03-20 23:28:41
13418522921227635,2026-03-20 23:28:41,.fwmrm.net,_uid,,2026-03-20 23:28:41
13418522921196348,2026-03-20 23:28:41,.adentifi.com,adtheorent[cuid],,2026-03-20 23:28:41
13418522921302369,2026-03-20 23:28:43,.bidr.io,bitoIsSecure,,2026-03-20 23:28:43
13418522923462746,2026-03-20 23:28:44,.creative-serving.com,c,,2026-03-20 23:28:44
13418522923693982,2026-03-20 23:28:44,.media.net,data-di,,2026-03-20 23:28:44
13418522923696184,2026-03-20 23:28:44,.media.net,data-g,,2026-03-20 23:28:44
13418522923695863,2026-03-20 23:28:44,.media.net,data-ttd,,2026-03-20 23:28:44
13418522923697901,2026-03-20 23:28:43,.media.net,data-ze,,2026-03-20 23:28:43
13418522923466650,2026-03-20 23:28:44,.everesttech.net,everest_g_v2,,2026-03-20 23:28:44
13418522924197375,2026-03-20 23:28:44,.pxl.iqm.com,liveramp,,2026-03-20 23:28:44
13418522924195993,2026-03-20 23:28:44,.pxl.iqm.com,mnet,,2026-03-20 23:28:44
13418522924196947,2026-03-20 23:28:41,.pxl.iqm.com,roqad,,2026-03-20 23:28:41
13418522921220612,2026-03-20 23:28:41,.srv.stackadapt.com,sa-user-id,,2026-03-20 23:28:41
13418522921220549,2026-03-20 23:28:41,sync.srv.stackadapt.com,sa-user-id,,2026-03-20 23:28:41
13418522921220826,2026-03-20 23:28:41,.srv.stackadapt.com,sa-user-id-v3,,2026-03-20 23:28:41
13418522921220774,2026-03-20 23:28:44,sync.srv.stackadapt.com,sa-user-id-v3,,2026-03-20 23:28:44
13418522924197532,2026-03-20 23:28:44,.pxl.iqm.com,semcasting,,2026-03-20 23:28:44
13418522924193704,2026-03-20 23:28:43,.betweendigital.com,ss,,2026-03-20 23:28:43
13418522923462658,2026-03-20 23:28:43,.creative-serving.com,tuuid,,2026-03-20 23:28:43
13418522923462772,2026-03-20 23:28:43,.creative-serving.com,tuuid_lu,,2026-03-20 23:28:43
13418522923462954,2026-03-20 23:28:42,.media.net,visitor-id,,2026-03-20 23:28:42
13418522921951465,2026-03-20 23:28:45,.tracookiepixel.xyz,server_tracking_bdsp_uid,,2026-03-20 23:28:45
13418522925242765,2026-03-20 23:28:45,.aniview.com,1_C_212,,2026-03-20 23:28:45
13418522925242831,2026-03-20 23:28:45,sync.aniview.com,1_C_212,,2026-03-20 23:28:45
13418522924721694,2026-03-20 23:28:46,.pubmatic.com,KRTBCOOKIE_1097,,2026-03-20 23:28:46
13418522925610615,2026-03-20 23:28:46,.smaato.net,SCM,,2026-03-20 23:28:46
13418522925610963,2026-03-20 23:28:46,.smaato.net,SCM1126,,2026-03-20 23:28:46
13418522925611089,2026-03-20 23:28:41,.smaato.net,SCMo,,2026-03-20 23:28:41
13418522921349983,2026-03-20 23:28:46,.semasio.net,SEUNCY,,2026-03-20 23:28:46
13418522925681377,2026-03-20 23:28:45,.smartadserver.com,TestIfCookieP,,2026-03-20 23:28:45
13418522925296973,2026-03-20 23:28:45,.bfmio.com,__191_cid,,2026-03-20 23:28:45
13418522925298218,2026-03-20 23:28:45,.bfmio.com,__io_cid,,2026-03-20 23:28:45
13418522924819272,2026-03-20 23:28:46,.pxl.iqm.com,adx,,2026-03-20 23:28:46
13418522925596444,2026-03-20 23:28:45,.rqtrk.eu,browser_id,,2026-03-20 23:28:45
13418522925358760,2026-03-20 23:28:46,.mfadsrvr.com,c,,2026-03-20 23:28:46
13418522926182545,2026-03-20 23:28:45,.media.net,data-bs,,2026-03-20 23:28:45
13418522924742309,2026-03-20 23:28:45,.media.net,data-btx,,2026-03-20 23:28:45
13418522924678971,2026-03-20 23:28:46,.media.net,data-iqm,,2026-03-20 23:28:46
13418522925924375,2026-03-20 23:28:46,.media.net,data-mf,,2026-03-20 23:28:46
13418522925662166,2026-03-20 23:28:44,.media.net,data-rbh,,2026-03-20 23:28:44
13418522924447109,2026-03-20 23:28:44,.media.net,data-rk,,2026-03-20 23:28:44
13418522924192178,2026-03-20 23:28:46,.betweendigital.com,dc,,2026-03-20 23:28:46
13418522926356597,2026-03-20 23:28:45,.pxl.iqm.com,equativ,,2026-03-20 23:28:45
13418522924723508,2026-03-20 23:28:45,.creativecdn.com,g,,2026-03-20 23:28:45
13418522924723928,2026-03-20 23:28:44,.pxl.iqm.com,indexch,,2026-03-20 23:28:44
13418522924196622,2026-03-20 23:28:46,.pxl.iqm.com,iqm.retarget.uid,,2026-03-20 23:28:46
13418522925680810,2026-03-20 23:28:47,.smartadserver.com,pid,,2026-03-20 23:28:47
13418522927394853,2026-03-20 23:28:48,.pxl.iqm.com,pubmatic,,2026-03-20 23:28:48
13418522927575445,2026-03-20 23:28:44,.pxl.iqm.com,telaria,,2026-03-20 23:28:44
13418522924192849,2026-03-20 23:28:45,.betweendigital.com,tuuid,,2026-03-20 23:28:45
13418522925362564,2026-03-20 23:28:45,.mfadsrvr.com,tuuid,,2026-03-20 23:28:45
13418522925360588,2026-03-20 23:28:45,.mfadsrvr.com,tuuid_lu,,2026-03-20 23:28:45
13418522925243110,2026-03-20 23:28:45,.tremorhub.com,tv_UIIQ,,2026-03-20 23:28:45
13418522924681721,2026-03-20 23:28:45,.pbs.yahoo.com,uids,,2026-03-20 23:28:45
13418522924652492,2026-03-20 23:28:45,.betweendigital.com,ut,,2026-03-20 23:28:45
13418522924723557,2026-03-21 03:34:20,.creativecdn.com,ts,,2026-03-21 03:34:20
13418537660086629,2026-03-21 03:34:23,.github.com,GHCC,,2026-03-21 03:34:23
13418537662963540,2026-03-21 03:34:23,.microsoft.com,MS0,,2026-03-21 03:34:23
13418537663015887,2026-03-21 03:34:20,github.com,MSFPC,,2026-03-21 03:34:20
13418537660093254,2026-03-21 03:34:20,github.com,MicrosoftApplicationsTelemetryDeviceId,,2026-03-21 03:34:20
13418537660096593,2026-03-21 03:34:22,.github.com,ai_session,,2026-03-21 03:34:22
13418537662469496,2026-03-21 03:34:22,.github.com,fs_lua,,2026-03-21 03:34:22
13418537662473458,2026-03-21 03:35:00,.github.com,fs_uid,,2026-03-21 03:35:00
13418537700102963,2026-03-21 03:35:00,.dotomi.com,DotomiUser,,2026-03-21 03:35:00
13418537700078978,2026-03-21 03:35:00,.c.bing.com,MR,,2026-03-21 03:35:00
13418537700078901,2026-03-20 23:28:22,.bing.com,MUID,,2026-03-20 23:28:22
13418522902348672,2026-03-21 03:34:58,.stackoverflow.com,OTGPPConsent,,2026-03-21 03:34:58
13418537697670949,2026-03-21 03:34:57,.stackoverflow.com,OptanonConsent,,2026-03-21 03:34:57
13418537697380132,2026-03-21 03:34:57,.i.sstatic.net,__cf_bm,,2026-03-21 03:34:57
13418537696832411,2026-03-21 03:34:59,.stackoverflow.com,__cf_bm,,2026-03-21 03:34:59
13418537698890869,2026-03-21 03:34:59,.stackoverflow.com,__eoi,,2026-03-21 03:34:59
13418537698890301,2026-03-20 23:28:25,.stackoverflow.com,__gads,,2026-03-20 23:28:25
13418522904946424,2026-03-21 03:34:59,.stackoverflow.com,_ga,,2026-03-21 03:34:59
13418537698708235,2026-03-21 03:34:59,.stackoverflow.com,_geffran,,2026-03-21 03:34:59
13418537698911892,2026-03-21 03:35:00,.stackoverflow.com,cto_bidid,,2026-03-21 03:35:00
13418537700199778,2026-03-21 03:34:58,.stackoverflow.com,cto_bundle,,2026-03-21 03:34:58
13418537697728205,2026-03-21 03:35:00,stackoverflow.com,g_state,,2026-03-21 03:35:00
13418537699711248,2026-03-20 23:28:24,.adnxs.com,icu,,2026-03-20 23:28:24
13418522903645345,2026-03-21 03:35:00,.kargo.com,ktcid,,2026-03-21 03:35:00
13418537700163632,2026-03-21 03:35:00,.srv.stackadapt.com,sa-user-id-v2,,2026-03-21 03:35:00
13418537700163581,2026-03-20 23:28:26,sync.srv.stackadapt.com,sa-user-id-v2,,2026-03-20 23:28:26
13418522906255783,2026-03-21 03:35:02,.a.usbrowserspeed.com,tuid,,2026-03-21 03:35:02
13418537701695784,2026-03-21 03:35:00,.prebid-server.rubiconproject.com,uids,,2026-03-21 03:35:00
13418537700031602,2026-03-21 03:34:58,stack-s2s.lngtd.com,uids,,2026-03-21 03:34:58
13418537697925537,2026-03-21 03:35:00,.stackoverflow.com,cf_clearance,,2026-03-21 03:35:00
13418537700103103,2026-03-20 23:28:24,.dotomi.com,UP,,2026-03-20 23:28:24
13418522903655207,2026-03-20 23:28:23,.3lift.com,receive-cookie-deprecation,,2026-03-20 23:28:23
13418522903328384,2026-03-20 23:28:24,.casalemedia.com,receive-cookie-deprecation,,2026-03-20 23:28:24
13418522904428712,2026-03-21 03:35:08,prebid.media.net,receive-cookie-deprecation,,2026-03-21 03:35:08
13418537707875015,2026-03-21 03:35:08,.pubmatic.com,DPSync4,,2026-03-21 03:35:08
13418537707886205,2026-03-21 03:35:07,.wayfair.com,ExCSNUtId,,2026-03-21 03:35:07
13418537706878739,2026-03-21 03:35:08,.bttrack.com,GLOBALID,,2026-03-21 03:35:08
13418537708272151,2026-03-21 03:35:08,.pubmatic.com,KRTBCOOKIE_18,,2026-03-21 03:35:08
13418537708279333,2026-03-21 03:35:08,.pubmatic.com,KRTBCOOKIE_22,,2026-03-21 03:35:08
13418537708284824,2026-03-21 03:35:07,.pubmatic.com,KRTBCOOKIE_740,,2026-03-21 03:35:07
13418537706570684,2026-03-21 03:35:08,.mediago.io,__mguid_,,2026-03-21 03:35:08
13418537708349164,2026-03-21 03:35:07,.a-mo.net,_sv3_7,,2026-03-21 03:35:07
13418537707334357,2026-03-21 03:35:07,.agkn.com,ab,,2026-03-21 03:35:07
13418537706516008,2026-03-21 03:35:07,.media6degrees.com,acs,,2026-03-21 03:35:07
13418537706515893,2026-03-21 03:35:08,.media6degrees.com,clid,,2026-03-21 03:35:08
13418537708244653,2026-03-21 03:35:06,.primis.tech,csuuid,,2026-03-21 03:35:06
13418537706404299,2026-03-20 23:28:26,.media.net,data-ot,,2026-03-20 23:28:26
13418522906119984,2026-03-20 23:28:26,.demdex.net,demdex,,2026-03-20 23:28:26
13418522906181359,2026-03-21 03:35:07,.dpm.demdex.net,dpm,,2026-03-21 03:35:07
13418537706912264,2026-03-21 03:35:07,.mookie1.com,id,,2026-03-21 03:35:07
13418537706912312,2026-03-21 03:35:08,.mookie1.com,mdata,,2026-03-21 03:35:08
13418537708246438,2026-03-21 03:35:07,.mxptint.net,mxpim,,2026-03-21 03:35:07
13418537706912346,2026-03-21 03:35:08,.mookie1.com,ov,,2026-03-21 03:35:08
13418537708304579,2026-03-21 03:35:08,.seedtag.com,st_cs,,2026-03-21 03:35:08
13418537708304611,2026-03-21 03:35:08,.seedtag.com,st_csd,,2026-03-21 03:35:08
13418537708304640,2026-03-21 03:35:07,.seedtag.com,st_uid,,2026-03-21 03:35:07
13418537707033961,2026-03-21 03:35:07,.mookie1.com,syncdata_DBC,,2026-03-21 03:35:07
13418537706969324,2026-03-20 23:28:45,.mookie1.com,syncdata_TTD,,2026-03-20 23:28:45
13418522925236018,2026-03-21 03:35:07,.taboola.com,t_gid,,2026-03-21 03:35:07
13418537707335826,2026-03-20 23:28:24,.adnxs.com,usersync,,2026-03-20 23:28:24
13418522903526579,2026-03-21 03:35:08,.adnxs.com,XANDR_PANID,,2026-03-21 03:35:08
13418537708302312,2026-03-21 03:35:08,.rubiconproject.com,audit_p,,2026-03-21 03:35:08
13418537708176497,2026-03-20 23:28:41,.criteo.com,cto_bundle,,2026-03-20 23:28:41
13418522920616727,2026-03-21 03:35:08,.rubiconproject.com,khaos_p,,2026-03-21 03:35:08
13418537708349276,2026-03-21 03:35:08,.a-mo.net,pamuid2,,2026-03-21 03:35:08
13418537708349311,2026-03-20 23:28:44,.sync.a-mo.net,psd_amuid2,,2026-03-20 23:28:44
13418522924164921,2026-03-20 23:28:45,.rubiconproject.com,receive-cookie-deprecation,,2026-03-20 23:28:45
13418522925237048,2026-03-20 23:28:40,.taboola.com,t_pt_gid,,2026-03-20 23:28:40
13418522920419685,2026-03-21 03:35:09,.3lift.com,tluidp,,2026-03-21 03:35:09
13418537708575501,2026-03-21 03:35:08,.intentiq.com,IQPData,,2026-03-21 03:35:08
13418537708369071,2026-03-21 03:35:09,.intentiq.com,IQver,,2026-03-21 03:35:09
13418537708737042,2026-03-21 03:35:09,.pubmatic.com,KRTBCOOKIE_1278,,2026-03-21 03:35:09
13418537709134757,2026-03-21 03:35:09,.pubmatic.com,KRTBCOOKIE_1323,,2026-03-21 03:35:09
13418537708817357,2026-03-21 03:35:09,.pubmatic.com,KRTBCOOKIE_32,,2026-03-21 03:35:09
13418537708815415,2026-03-21 03:35:09,.pubmatic.com,KRTBCOOKIE_52,,2026-03-21 03:35:09
13418537708737729,2026-03-21 03:35:09,.pubmatic.com,KRTBCOOKIE_57,,2026-03-21 03:35:09
13418537709121602,2026-03-21 03:35:21,.pubmatic.com,KRTBCOOKIE_632,,2026-03-21 03:35:21
13418537721366101,2026-03-21 03:35:22,.stackoverflowjobs.com,__cf_bm,,2026-03-21 03:35:22
13418537721611370,2026-03-21 03:35:22,.t.indeed.com,__cf_bm,,2026-03-21 03:35:22
13418537721501752,2026-03-20 23:28:26,.stackoverflow.com,_ga_WCZ03SZFCQ,,2026-03-20 23:28:26
13418522905883869,2026-03-21 03:35:09,.stackoverflow.com,_so_tgt,,2026-03-21 03:35:09
13418537708703892,2026-03-21 03:35:08,.omnitagjs.com,ayl_visitor,,2026-03-21 03:35:08
13418537708369109,2026-03-21 03:35:08,.intentiq.com,intentIQ,,2026-03-21 03:35:08
13418537708368950,2026-03-21 03:35:09,.intentiq.com,intentIQCDate,,2026-03-21 03:35:09
13418537708931738,2026-03-21 03:35:08,.thrtle.com,mc,,2026-03-21 03:35:08
13418537708456074,2026-03-21 03:35:08,.nextmillmedia.com,nm_rubicon,,2026-03-21 03:35:08
13418537708455940,2026-03-20 23:28:21,cookies.nextmillmedia.com,nm_syncedBidders,,2026-03-20 23:28:21
13418522900772053,2026-03-21 03:35:09,.stackoverflow.com,prov,,2026-03-21 03:35:09
13418537708931908,2026-03-21 03:35:24,.thrtle.com,sc,,2026-03-21 03:35:24
13418537724452421,2026-03-21 03:35:24,.indeed.com,__cf_bm,,2026-03-21 03:35:24
13418537724398183,2026-03-21 03:35:24,.stackoverflowjobs.com,_ga,,2026-03-21 03:35:24
13418537724481742,2026-03-21 03:36:32,.stackoverflowjobs.com,cf_clearance,,2026-03-21 03:36:32
13418537792278026,2026-03-21 03:36:38,accounts.google.com,LSID,,2026-03-21 03:36:38
13418537797703240,2026-03-21 03:36:32,.docs.google.com,OSID,,2026-03-21 03:36:32
13418537792337455,2026-03-21 03:36:38,drive.google.com,OSID,,2026-03-21 03:36:38
13418537797934216,2026-03-21 03:36:32,contacts.google.com,OTZ,,2026-03-21 03:36:32
13418537792278257,2026-03-21 03:36:32,accounts.google.com,__Host-1PLSID,,2026-03-21 03:36:32
13418537792278383,2026-03-21 03:36:38,accounts.google.com,__Host-3PLSID,,2026-03-21 03:36:38
13418537797703317,2026-03-21 03:36:32,.docs.google.com,__Secure-OSID,,2026-03-21 03:36:32
13418537792337634,2026-03-21 03:36:49,drive.google.com,__Secure-OSID,,2026-03-21 03:36:49
13418537809380214,2026-03-21 03:36:49,drive.google.com,COMPASS,,2026-03-21 03:36:49
13418537808535023,2026-03-21 03:37:01,drive.google.com,COMPASS,,2026-03-21 03:37:01
13418537821153806,2026-03-21 03:40:12,.stackoverflowjobs.com,_ga_FM9739HFTZ,,2026-03-21 03:40:12
13418538012175208,2026-03-21 03:40:13,.scorecardresearch.com,UID,,2026-03-21 03:40:13
13418538012849969,2026-03-21 03:40:13,.nytimes.com,__eoi,,2026-03-21 03:40:13
13418538012849676,2026-03-21 03:40:13,.nytimes.com,__gads,,2026-03-21 03:40:13
13418538012849808,2026-03-21 03:40:12,.nytimes.com,__gpi,,2026-03-21 03:40:12
13418538012450763,2026-03-21 03:40:12,.nytimes.com,_cb,,2026-03-21 03:40:12
13418538012456513,2026-03-21 03:40:12,.nytimes.com,_cb_svref,,2026-03-21 03:40:12
13418538012451686,2026-03-21 03:40:13,.nytimes.com,_chartbeat2,,2026-03-21 03:40:13
13418538012894011,2026-03-21 03:40:14,.nytimes.com,_gcl_au,,2026-03-21 03:40:14
13418538013644399,2026-03-21 03:40:13,.brand-display.com,_knxq_,,2026-03-21 03:40:13
13418538012803230,2026-03-21 03:40:13,www.nytimes.com,_lr_geo_location,,2026-03-21 03:40:13
13418538012802870,2026-03-21 03:40:12,www.nytimes.com,_lr_geo_location_state,,2026-03-21 03:40:12
13418538011797811,2026-03-21 03:40:12,.nytimes.com,cto_bidid,,2026-03-21 03:40:12
13418538011796495,2026-03-21 03:40:13,.nytimes.com,cto_bundle,,2026-03-21 03:40:13
13418538012932347,2026-03-21 03:40:11,.media.net,data-co,,2026-03-21 03:40:11
13418538011492794,2026-03-21 03:40:14,.media.net,data-p,,2026-03-21 03:40:14
13418538013623746,2026-03-21 03:40:13,.rfihub.com,eud,,2026-03-21 03:40:13
13418538012655104,2026-03-21 03:40:13,.nytimes.com,fides_consent,,2026-03-21 03:40:13
13418538012719431,2026-03-21 03:40:11,www.nytimes.com,g_state,,2026-03-21 03:40:11
13418538011317633,2026-03-21 03:40:11,.nytimes.com,gpp-string,,2026-03-21 03:40:11
13418538011319530,2026-03-21 03:40:09,a.nytimes.com,jkidd-p,,2026-03-21 03:40:09
13418538008773527,2026-03-21 03:40:11,.nytimes.com,nyt-geo,,2026-03-21 03:40:11
13418538011319576,2026-03-21 03:40:09,.nytimes.com,nyt-jkidd,,2026-03-21 03:40:09
13418538008773516,2026-03-21 03:40:11,.nytimes.com,nyt-purr,,2026-03-21 03:40:11
13418538011317360,2026-03-21 03:40:11,.nytimes.com,purr-cache,,2026-03-21 03:40:11
13418538011317535,2026-03-20 23:20:29,.nytimes.com,purr-pref-agent,,2026-03-20 23:20:29
13418522429408081,2026-03-21 03:40:10,.rfihub.com,rud,,2026-03-21 03:40:10
13418538009769863,2026-03-21 03:40:12,.et.nytimes.com,sessionIndex,,2026-03-21 03:40:12
13418538011740852,2026-03-21 03:40:12,.mathtag.com,uuid,,2026-03-21 03:40:12
13418538012175288,2026-03-21 03:40:12,.scorecardresearch.com,XID,,2026-03-21 03:40:12
13418538012014658,2026-03-21 03:40:12,.criteo.com,cto_bundle,,2026-03-21 03:40:12
13418538012284258,2026-03-21 03:40:12,.3lift.com,receive-cookie-deprecation,,2026-03-21 03:40:12
13418538012020828,2026-03-21 03:40:12,.casalemedia.com,receive-cookie-deprecation,,2026-03-21 03:40:12
13418538012097300,2026-03-21 03:40:16,prebid.media.net,receive-cookie-deprecation,,2026-03-21 03:40:16
13418538015543995,2026-03-20 23:28:25,.id5-sync.com,3pi,,2026-03-20 23:28:25
13418522904806030,2026-03-21 03:40:16,.yahoo.com,A3,,2026-03-21 03:40:16
13418538016411980,2026-03-21 03:40:17,.adgrx.com,ADGRX_CM_CASALE_BRIDGED,,2026-03-21 03:40:17
13418538017144661,2026-03-21 03:40:16,.adgrx.com,ADGRX_CM_PUBMATIC_BRIDGED,,2026-03-21 03:40:16
13418538016376940,2026-03-21 03:40:17,.adgrx.com,ADGRX_UID,,2026-03-21 03:40:17
13418538017206841,2026-03-21 03:40:16,.tribalfusion.com,ANON_ID,,2026-03-21 03:40:16
13418538016334712,2026-03-20 23:28:26,.deepintent.com,CDIPARTNERS,,2026-03-20 23:28:26
13418522906109915,2026-03-20 23:20:30,.deepintent.com,CDIUSER,,2026-03-20 23:20:30
13418522429819057,2026-03-20 23:20:30,.casalemedia.com,CMID,,2026-03-20 23:20:30
13418522429819100,2026-03-21 03:40:17,.casalemedia.com,CMPRO,,2026-03-21 03:40:17
13418538017034375,2026-03-21 03:40:17,.analytics.yahoo.com,IDSYNC,,2026-03-21 03:40:17
13418538017279597,2026-03-21 03:40:17,.pubmatic.com,KRTBCOOKIE_1466,,2026-03-21 03:40:17
13418538017153331,2026-03-21 03:40:14,.pubmatic.com,KRTBCOOKIE_153,,2026-03-21 03:40:14
13418538013764464,2026-03-21 03:35:09,.pubmatic.com,KRTBCOOKIE_699,,2026-03-21 03:35:09
13418537708507052,2026-03-21 03:40:17,.opera.com,OAU,,2026-03-21 03:40:17
13418538017072979,2026-03-21 03:40:17,.pubmatic.com,SyncRTB4,,2026-03-21 03:40:17
13418538016990209,2026-03-20 23:20:29,.adsrvr.org,TDCPM,,2026-03-20 23:20:29
13418522429118137,2026-03-21 03:35:09,.adsrvr.org,TDID,,2026-03-21 03:35:09
13418537708546997,2026-03-20 23:28:42,.tapad.com,TapAd_3WAY_SYNCS,,2026-03-20 23:28:42
13418522921677298,2026-03-20 23:28:42,.tapad.com,TapAd_DID,,2026-03-20 23:28:42
13418522921677237,2026-03-21 03:40:17,.tapad.com,TapAd_TS,,2026-03-21 03:40:17
13418538017113617,2026-03-21 03:35:08,.storygize.net,U,,2026-03-21 03:35:08
13418537708261633,2026-03-21 03:40:11,beacon.lynx.cognitivlabs.com,UID,,2026-03-21 03:40:11
13418538011320499,2026-03-21 03:40:15,.contextweb.com,V,,2026-03-21 03:40:15
13418538014657313,2026-03-21 03:40:15,.d.adroll.com,__adroll,,2026-03-21 03:40:15
13418538014657585,2026-03-21 03:35:08,.adroll.com,__adroll_shared,,2026-03-21 03:35:08
13418537708304067,2026-03-21 03:40:16,i.liadm.com,_li_ss,,2026-03-21 03:40:16
13418538016058833,2026-03-20 23:28:25,.1rx.io,_rxuuid,,2026-03-20 23:28:25
13418522904587686,2026-03-21 03:40:16,.targeting.unrulymedia.com,_rxuuid,,2026-03-21 03:40:16
13418538016169942,2026-03-21 03:40:16,.sitescout.com,_ssuma,,2026-03-21 03:40:16
13418538016379511,2026-03-20 23:28:28,.admanmedia.com,ac_r,,2026-03-20 23:28:28
13418522908282219,2026-03-20 23:28:28,.amazon-adsystem.com,ad-id,,2026-03-20 23:28:28
13418522908282441,2026-03-21 03:40:16,.amazon-adsystem.com,ad-privacy,,2026-03-21 03:40:16
13418538016379269,2026-03-21 03:40:17,.admanmedia.com,admtr,,2026-03-21 03:40:17
13418538017296441,2026-03-20 23:28:26,.rubiconproject.com,audit,,2026-03-20 23:28:26
13418522905756211,2026-03-20 23:28:41,.blismedia.com,b,,2026-03-20 23:28:41
13418522921302309,2026-03-21 03:40:14,.bidr.io,bito,,2026-03-21 03:40:14
13418538014126530,2026-03-20 23:28:41,.smartadserver.com,csync,,2026-03-20 23:28:41
13418522921220232,2026-03-21 03:40:16,.ipredictive.com,cu,,2026-03-21 03:40:16
13418538015798517,2026-03-21 03:40:16,.media.net,data-dv-r,,2026-03-21 03:40:16
13418538016439077,2026-03-20 23:28:25,.media.net,data-r1,,2026-03-20 23:28:25
13418522904511256,2026-03-21 03:40:15,.openx.net,i,,2026-03-21 03:40:15
13418538014790739,2026-03-21 03:40:17,.id5-sync.com,id5,,2026-03-21 03:40:17
13418538017196257,2026-03-21 03:40:17,.iqzone.com,iq_r_key,,2026-03-21 03:40:17
13418538017196114,2026-03-21 03:40:16,.iqzone.com,iq_u_key,,2026-03-21 03:40:16
13418538015689981,2026-03-20 23:20:30,.nytimes.com,iter_id,,2026-03-20 23:20:30
13418522429913107,2026-03-20 23:20:29,.rubiconproject.com,khaos,,2026-03-20 23:20:29
13418522428715928,2026-03-21 03:40:15,.liadm.com,lidid,,2026-03-21 03:40:15
13418538014601167,2026-03-21 03:40:17,.quantserve.com,mc,,2026-03-21 03:40:17
13418538016613939,2026-03-21 03:40:16,.getpublica.com,p_uid,,2026-03-21 03:40:16
13418538016300881,2026-03-21 03:40:13,.contextweb.com,pb_rtb_ev,,2026-03-21 03:40:13
13418538012683638,2026-03-21 03:40:17,.openx.net,pd,,2026-03-21 03:40:17
13418538017196836,2026-03-21 03:40:17,.driftpixel.live,s-336,,2026-03-21 03:40:17
13418538017134402,2026-03-21 03:40:16,.quantserve.com,sp,,2026-03-21 03:40:16
13418538016231997,2026-03-21 03:40:16,beacon.lynx.cognitivlabs.com,ss,,2026-03-21 03:40:16
13418538016395102,2026-03-20 23:28:42,.mfadsrvr.com,ssh,,2026-03-20 23:28:42
13418522921894965,2026-03-21 03:40:16,.sitescout.com,ssi,,2026-03-21 03:40:16
13418538015761345,2026-03-21 03:40:15,.3lift.com,sync,,2026-03-21 03:40:15
13418538014867871,2026-03-20 23:20:30,.360yield.com,tuuid,,2026-03-20 23:20:30
13418522429581303,2026-03-21 03:40:15,.company-target.com,tuuid,,2026-03-21 03:40:15
13418538014867919,2026-03-21 03:40:17,.360yield.com,tuuid_lu,,2026-03-21 03:40:17
13418538016917731,2026-03-20 23:28:24,.company-target.com,tuuid_lu,,2026-03-20 23:28:24
13418522904299160,2026-03-21 03:40:15,.turn.com,uid,,2026-03-21 03:40:15
13418538014891810,2026-03-21 03:40:15,.360yield.com,um,,2026-03-21 03:40:15
13418538014891861,2026-03-21 03:35:06,.360yield.com,umeh,,2026-03-21 03:35:06
13418537706469576,2026-03-21 03:40:11,.csync.loopme.me,viewer_token,,2026-03-21 03:40:11
13418538011320554,2026-03-21 03:40:17,.contextweb.com,VP,,2026-03-21 03:40:17
13418538017296290,2026-03-21 03:40:16,.rubiconproject.com,audit_p,,2026-03-21 03:40:16
13418538016266811,2026-03-21 03:40:16,.criteo.com,cto_bundle,,2026-03-21 03:40:16
13418538016317000,2026-03-21 03:40:16,.rubiconproject.com,khaos_p,,2026-03-21 03:40:16
13418538016300922,2026-03-21 03:40:15,.contextweb.com,pb_rtb_ev_part,,2026-03-21 03:40:15
13418538014657545,2026-03-21 03:40:15,.adroll.com,receive-cookie-deprecation,,2026-03-21 03:40:15
13418538014657480,2026-03-21 03:40:17,.d.adroll.com,receive-cookie-deprecation,,2026-03-21 03:40:17
13418538016946190,2026-03-20 23:28:26,.rubiconproject.com,receive-cookie-deprecation,,2026-03-20 23:28:26
13418522905830476,2026-03-21 03:40:18,.pubmatic.com,KADUSERCOOKIE,,2026-03-21 03:40:18
13418538018033694,2026-03-21 03:40:18,.pubmatic.com,KRTBCOOKIE_1003,,2026-03-21 03:40:18
13418538018194810,2026-03-21 03:40:18,.pubmatic.com,KRTBCOOKIE_27,,2026-03-21 03:40:18
13418538018431977,2026-03-21 03:40:18,.pubmatic.com,KRTBCOOKIE_391,,2026-03-21 03:40:18
13418538018439472,2026-03-21 03:40:18,.pubmatic.com,KRTBCOOKIE_945,,2026-03-21 03:40:18
13418538018194871,2026-03-21 03:40:20,.pubmatic.com,PugT,,2026-03-21 03:40:20
13418538019738052,2026-03-21 03:40:20,.pubmatic.com,SPugT,,2026-03-21 03:40:20
13418538019527466,2026-03-21 03:40:20,.a-mo.net,_sv3_0,,2026-03-21 03:40:20
13418538019528296,2026-03-21 03:40:20,.a-mo.net,_sv3_11,,2026-03-21 03:40:20
13418538019563335,2026-03-21 03:40:20,.a-mo.net,_sv3_13,,2026-03-21 03:40:20
13418538019534561,2026-03-21 03:40:20,.a-mo.net,_sv3_14,,2026-03-21 03:40:20
13418538019528861,2026-03-21 03:40:20,.a-mo.net,_sv3_15,,2026-03-21 03:40:20
13418538019529362,2026-03-21 03:40:20,.a-mo.net,_sv3_17,,2026-03-21 03:40:20
13418538019780742,2026-03-21 03:40:20,.a-mo.net,_sv3_3,,2026-03-21 03:40:20
13418538019530036,2026-03-21 03:40:20,.a-mo.net,_sv3_4,,2026-03-21 03:40:20
13418538019736467,2026-03-21 03:40:20,.a-mo.net,_sv3_8,,2026-03-21 03:40:20
13418538019510309,2026-03-21 03:40:20,.a-mx.com,amdt_t,,2026-03-21 03:40:20
13418538020307411,2026-03-21 03:35:08,.rtb.mx,amdt_t,,2026-03-21 03:35:08
13418537708349243,2026-03-21 03:40:20,.a-mo.net,amuid2,,2026-03-21 03:40:20
13418538019510265,2026-03-21 03:40:20,.a-mx.com,amuid2,,2026-03-21 03:40:20
13418538020226935,2026-03-21 03:40:20,.amx1.net,amuid2,,2026-03-21 03:40:20
13418538020307275,2026-03-21 03:40:20,.rtb.mx,amuid2,,2026-03-21 03:40:20
13418538020251363,2026-03-21 03:40:20,.adnxs.com,anj,,2026-03-21 03:40:20
13418538019502248,2026-03-21 03:40:23,.pubmatic.com,chkChromeAb67Sec,,2026-03-21 03:40:23
13418538023496201,2026-03-20 23:28:46,.www.nytimes.com,datadome,,2026-03-20 23:28:46
13418522925594720,2026-03-20 23:28:41,.lijit.com,ljt_reader,,2026-03-20 23:28:41
13418522921242123,2026-03-21 03:40:18,.outbrain.com,obuid,,2026-03-21 03:40:18
13418538017962748,2026-03-21 03:40:18,.rlcdn.com,pxrc,,2026-03-21 03:40:18
13418538017962615,2026-03-21 03:40:20,.rlcdn.com,rlas3,,2026-03-21 03:40:20
13418538020227606,2026-03-21 03:40:19,.cs.amx1.net,sd_amuid2,,2026-03-21 03:40:19
13418538018706526,2026-03-21 03:35:08,.prebid.a-mo.net,sd_amuid2,,2026-03-21 03:35:08
13418537708349348,2026-03-20 23:28:46,.sync.a-mo.net,sd_amuid2,,2026-03-20 23:28:46
13418522925628784,2026-03-20 23:28:24,.sharethrough.com,stx_user_id,,2026-03-20 23:28:24
13418522903655246,2026-03-20 23:28:26,.3lift.com,tluid,,2026-03-20 23:28:26
13418522906139449,2026-03-21 03:40:20,.adform.net,uid,,2026-03-21 03:40:20
13418538020251437,2026-03-21 03:40:20,.adnxs.com,uids,,2026-03-21 03:40:20
13418538020317136,2026-03-20 23:28:24,.ow.pubmatic.com,uids,,2026-03-20 23:28:24
13418522903526638,2026-03-21 03:40:19,.adnxs.com,uuid2,,2026-03-21 03:40:19
13418538019269670,2026-03-21 03:40:19,.driftpixel.live,xedpxl,,2026-03-21 03:40:19
13418538019456596,2026-03-21 03:40:19,.yieldmo.com,yieldmo_id,,2026-03-21 03:40:19
13418538018652648,2026-03-21 03:40:15,.disqus.com,zeta-ssp-user-id,,2026-03-21 03:40:15
13418538014612733,2026-03-21 03:40:20,.adnxs.com,XANDR_PANID,,2026-03-21 03:40:20
13418538019510345,2026-03-21 03:40:20,.a-mx.com,amdt_t_p,,2026-03-21 03:40:20
13418538020307438,2026-03-21 03:40:20,.rtb.mx,amdt_t_p,,2026-03-21 03:40:20
13418538019510294,2026-03-21 03:40:20,.a-mx.com,amuid2_p,,2026-03-21 03:40:20
13418538020307344,2026-03-21 03:40:19,.rtb.mx,amuid2_p,,2026-03-21 03:40:19
13418538018706433,2026-03-21 03:40:20,.a-mo.net,pamuid2,,2026-03-21 03:40:20
13418538020226980,2026-03-21 03:40:20,.amx1.net,pamuid2,,2026-03-21 03:40:20
13418538020226997,2026-03-21 03:40:19,.cs.amx1.net,psd_amuid2,,2026-03-21 03:40:19
13418538018706480,2026-03-21 03:40:20,.prebid.a-mo.net,psd_amuid2,,2026-03-21 03:40:20
13418538019527694,2026-03-21 03:40:12,.sync.a-mo.net,psd_amuid2,,2026-03-21 03:40:12
13418538012257010,2026-03-21 03:40:09,.3lift.com,tluidp,,2026-03-21 03:40:09
13418538008773504,2026-03-21 03:40:25,.nytimes.com,nyt-gdpr,,2026-03-21 03:40:25
13418538025448189,2026-03-21 03:40:41,www.nytimes.com,_dd_s,,2026-03-21 03:40:41
13418538041455448,2026-03-21 03:40:10,.nytimes.com,_chartbeat4,,2026-03-21 03:40:10
13418538009769970,2026-03-21 03:40:09,.et.nytimes.com,et-ppvid,,2026-03-21 03:40:09
13418538008773432,2026-03-21 03:40:10,.nytimes.com,nyt-a,,2026-03-21 03:40:10
13418538009596067,2026-03-21 03:40:10,.nytimes.com,nyt-b-sid,,2026-03-21 03:40:10
13418538009768190,2026-03-21 03:47:48,.et.nytimes.com,sessionActive,,2026-03-21 03:47:48
13418538468289932,2026-03-21 03:47:48,.google.com,__Secure-1PSIDTS,,2026-03-21 03:47:48
13418538468290402,2026-03-21 03:48:18,.google.com,__Secure-3PSIDTS,,2026-03-21 03:48:18
13418538497888987,2026-03-20 23:08:57,drive.google.com,OTZ,,2026-03-20 23:08:57
13418521736866453,2026-03-21 03:51:45,.google.com,APISID,,2026-03-21 03:51:45
13418538704644660,2026-03-20 23:08:57,mail.google.com,COMPASS,,2026-03-20 23:08:57
13418521736865939,2026-03-21 03:51:45,.google.com,HSID,,2026-03-21 03:51:45
13418538704785473,2026-03-21 03:51:43,.google.com,NID,,2026-03-21 03:51:43
13418538703121396,2026-03-20 23:08:57,mail.google.com,OSID,,2026-03-20 23:08:57
13418521736866829,2026-03-21 03:51:43,.google.com,SAPISID,,2026-03-21 03:51:43
13418538703121541,2026-03-20 23:08:57,.google.com,SID,,2026-03-20 23:08:57
13418521736866263,2026-03-21 03:51:44,.google.com,SSID,,2026-03-21 03:51:44
13418538703511544,2026-03-21 03:51:44,mail.google.com,__Host-GMAIL_SCH_GML,,2026-03-21 03:51:44
13418538703510925,2026-03-21 03:51:44,mail.google.com,__Host-GMAIL_SCH_GMN,,2026-03-21 03:51:44
13418538703511446,2026-03-20 23:08:57,mail.google.com,__Host-GMAIL_SCH_GMS,,2026-03-20 23:08:57
13418521736867031,2026-03-21 03:51:43,.google.com,__Secure-1PAPISID,,2026-03-21 03:51:43
13418538703121714,2026-03-20 23:08:57,.google.com,__Secure-1PSID,,2026-03-20 23:08:57
13418521736867326,2026-03-21 03:51:43,.google.com,__Secure-3PAPISID,,2026-03-21 03:51:43
13418538703121899,2026-03-21 03:51:43,.google.com,__Secure-3PSID,,2026-03-21 03:51:43
13418538703121503,2026-03-21 03:51:50,mail.google.com,__Secure-OSID,,2026-03-21 03:51:50
13418538709572653,2026-03-21 03:51:51,appsgenaiserver-pa.clients6.google.com,COMPASS,,2026-03-21 03:51:51
13418538710709492,2026-03-21 03:51:50,mail.google.com,COMPASS,,2026-03-21 03:51:50
13418538710447962,2026-03-21 03:54:16,mail.google.com,COMPASS,,2026-03-21 03:54:16
13418538855649718,2026-03-21 03:54:15,one.google.com,OTZ,,2026-03-21 03:54:15
13418538855143535,2026-03-21 03:54:16,.one.google.com,_ga,,2026-03-21 03:54:16
13418538855555542,2026-03-21 03:54:15,.one.google.com,_ga_28ERXSXE4R,,2026-03-21 03:54:15
13418538855134466,2026-03-21 03:54:15,.one.google.com,_gat_UA-114293773-1,,2026-03-21 03:54:15
13418538855013068,2026-03-21 03:54:15,.one.google.com,_gcl_au,,2026-03-21 03:54:15
13418538855133111,2026-03-21 03:54:46,.one.google.com,_gid,,2026-03-21 03:54:46
13418538886203685,2026-03-21 03:54:46,www.google.com,DV,,2026-03-21 03:54:46
13418538886464676,2026-03-21 03:54:46,.youtube.com,__Secure-3PSIDCC,,2026-03-21 03:54:46
13418538885733235,2026-03-20 23:20:17,.google.com,__Secure-STRP,,2026-03-20 23:20:17
13418522417228910,2026-03-20 23:20:17,.youtube.com,VISITOR_INFO1_LIVE,,2026-03-20 23:20:17
13418522417228949,2026-03-21 03:54:46,.youtube.com,VISITOR_PRIVACY_METADATA,,2026-03-21 03:54:46
13418538886327273,2026-03-21 03:55:09,.youtube.com,YSC,,2026-03-21 03:55:09
13418538909081304,2026-03-21 03:55:09,.google.com,SIDCC,,2026-03-21 03:55:09
13418538909081479,2026-03-21 03:55:09,.google.com,__Secure-1PSIDCC,,2026-03-21 03:55:09
13418538909081647,###############################################################################################################################################################################################################################################################,.google.com,__Secure-3PSIDCC,,###############################################################################################################################################################################################################################################################
